method,path,tag,operationId,summary,deprecated,security,responses
DELETE,"/admin/deleteusers/{id}","Admin","adminDeleteUsers","Delete Users from Admin Panel",false,"bearerAuth","200"
DELETE,"/admin/documenttypes/{id}","Admin","adminDeleteDocumentType","Delete DocumentType from Admin Panel",false,"bearerAuth","200"
DELETE,"/admin/rewardpoints/{id}","Admin","adminDeleteUserRewardPoints","Delete User reward points from Admin Panel",false,"bearerAuth","200"
DELETE,"/admin/rewards/{id}","Admin","adminDeleteRewards","Delete rewards from Admin Panel",false,"bearerAuth","200"
GET,"/admin","Admin","adminLogin","Returns Admin JSON",false,"bearerAuth","200"
GET,"/admin/create","Admin","adminCreate","Returns Admin JSON",false,"bearerAuth","200"
GET,"/admin/dashboardstats","Admin","dashboardstats","Returns Dashboard Stats",false,"bearerAuth","200"
GET,"/admin/documenttypes","Admin","adminDocumentTypesList","Returns Document Types list",false,"bearerAuth","200"
GET,"/admin/getdriverdocs/{id}","Admin","driverDocsList","Returns Drivers document",false,"bearerAuth","200"
GET,"/admin/getdrivers","Admin","driversList","Returns Drivers list",false,"bearerAuth","200"
GET,"/admin/getriders","Admin","ridersList","Returns Riders list",false,"bearerAuth","200"
GET,"/admin/rewardpoints/{id}","Admin","adminUserRewardPoints","Return Users reward points for Admin Panel",false,"bearerAuth","200"
GET,"/admin/rewards","Admin","adminRewards","Return All Rewards for Admin Panel",false,"bearerAuth","200"
GET,"/admin/ride/userrides/{id}","Admin","adminUserRides","Return Users rides for Admin Panel",false,"bearerAuth","200"
GET,"/ride","Admin","getAllRides","Returns Last 10 Rides for admin dashboard",false,"bearerAuth","200"
GET,"/ride/fetchride/{id}","Admin","getAdminRide","Get Specific Ride",false,"bearerAuth","200"
POST,"/admin/documenttypes","Admin","adminCreateDocumentType","Create Document Type",false,"bearerAuth","200"
POST,"/admin/rewardpoints/{id}","Admin","adminAddUserRewardPoints","Add User reward points from Admin Panel",false,"bearerAuth","200"
POST,"/admin/rewards","Admin","adminAddRewards","Add rewards from Admin Panel",false,"bearerAuth","200"
POST,"/admin/uploadfiles","Admin","uploadAdminFiles","Upload Admin Files e.g. icon, docs etc",false,"bearerAuth","200"
POST,"/ride/ridetype","Admin","saveRideType","Create Ride Type",false,"bearerAuth","200"
PUT,"/admin/documenttypes/{id}","Admin","adminUpdateDocumentType","Update DocumentType from Admin Panel",false,"bearerAuth","200"
PUT,"/admin/updatestatus/{id}","Admin","driverDetailStatus","Update Driver's status",false,"bearerAuth","200"
PUT,"/admin/verifydriverdoc/{id}/{id}","Admin","driverDocVerify","Returns Drivers document",false,"bearerAuth","200"
PUT,"/ride/ridetype/{id}","Admin","updateRideTypeDetails","Update Ride type details",false,"bearerAuth","200"
GET,"/driver","Driver","userLogin","Returns User JSON",false,"bearerAuth","200"
GET,"/driver/documents","Driver","fetchDocuments","Fetch Drivers Uploaded Documents",false,"bearerAuth","200"
GET,"/driver/documenttypes","Driver","fetchDocumentTypes","Fetch Document Types available",false,"bearerAuth","200"
GET,"/driver/getmyrides","Driver","getDriverRides","Get My Rides",false,"bearerAuth","200"
GET,"/driver/getride/{id}","Driver","getDriverRide","Get Specific Ride",false,"bearerAuth","200"
GET,"/driver/myearnings","Driver","getDriverEarnings","Get My Earnings",false,"bearerAuth","200"
GET,"/driver/payment/accountconfirmation","Driver","driverStripeAccountConfirmation","Driver Stripe Connect account confirmation",false,"public","200"
GET,"/driver/payment/accountstatus","Driver","fetchDriverStripeAccountStatus","Get Driver Stripe account status",false,"bearerAuth","200"
GET,"/driver/payment/complete/{id}","Driver","completePayment","Complete Payment",false,"bearerAuth","200"
GET,"/driver/payment/createdriverstripeaccount","Driver","createDriverStripeAccount","Create Driver Stripe Connect account",false,"bearerAuth","200"
GET,"/driver/payment/initiate/{id}","Driver","initiatePayment","Initiate Payment",false,"bearerAuth","200"
GET,"/driver/payment/stripeloginlink","Driver","generateDriverStripeLogin","Generate Driver Stripe Login link",false,"bearerAuth","200"
POST,"/driver/details","Driver","saveDriverDetails","Save Driver Details",false,"bearerAuth","200"
POST,"/driver/ride/addrating/{id}","Driver","postRiderRideRating","Add Ride rating",false,"bearerAuth","200"
POST,"/driver/saveridelocation/{id}","Driver","driverSaveRideLocation","Save Ride location",false,"bearerAuth","200"
POST,"/driver/uploaddocument/{id}","Driver","uploadDriverDocuments","Upload Driver Documents for verifiction from Admin",false,"bearerAuth","200"
POST,"/driver/uploadfiles","Driver","uploadDriverFiles","Upload Driver Files e.g. profile image etc",false,"bearerAuth","200"
POST,"/ride/driver/sendchatnotification/{id}","Driver","sendRiderChatNotifications","Send Ride Chat Notifications",false,"bearerAuth","200"
PUT,"/driver","Driver","userProfileUpdate","Returns User JSON",false,"bearerAuth","200"
PUT,"/driver/changeridestatus/{id}","Driver","driverChangeRideStatus","Change Ride status",false,"bearerAuth","200"
PUT,"/driver/details","Driver","updateDriverDetails","Update Driver Details",false,"bearerAuth","200"
GET,"/payment/addpm","Payment","addPM","ADD P M",false,"bearerAuth","200"
GET,"/ride/fetchdriver/{id}","Ride","riderFetchDriver","fetch driver for a ride",false,"bearerAuth","200"
GET,"/ride/fetchrider/{id}","Ride","driverFetchRider","fetch rider for a ride",false,"bearerAuth","200"
GET,"/ride/ridetype","Ride","getAllRideTypes","Get All Ride Types",false,"bearerAuth","200"
POST,"/ride","Ride","saveRide","Create Ride",false,"bearerAuth","200"
DELETE,"/rider/paymentmethods/{id}","Rider","deleteRiderPM","Delete Rider Added Payment Method",false,"bearerAuth","200"
GET,"/rider","Rider","userLogin","Returns User JSON",false,"bearerAuth","200"
GET,"/rider/getmyrides","Rider","getRiderRides","Get My Rides",false,"bearerAuth","200"
GET,"/rider/getrewards","Rider","getRewards","Get Rewards",false,"bearerAuth","200"
GET,"/rider/getride/{id}","Rider","getRiderRide","Get Specific Ride",false,"bearerAuth","200"
GET,"/rider/myrewardpoints","Rider","getRiderRewardPoints","Get My Reward Points",false,"bearerAuth","200"
GET,"/rider/paymentmethods","Rider","riderPM","Returns Rider Payment Methods",false,"bearerAuth","200"
GET,"/rider/sendnotification","Rider","pushNotification","Sends Push notification",false,"public","200"
POST,"/ride/rider/sendchatnotification/{id}","Rider","sendDriverChatNotifications","Send Ride Chat Notifications",false,"bearerAuth","200"
POST,"/rider/payment/addmethod","Rider","addPaymentMethod","Add Payment Method",false,"bearerAuth","200"
POST,"/rider/ride/addrating/{id}","Rider","postDriverRideRating","Add Ride rating",false,"bearerAuth","200"
POST,"/rider/uploadfiles","Rider","uploadDriverFiles","Upload Driver Files e.g. profile image etc",false,"bearerAuth","200"
PUT,"/rider","Rider","userProfileUpdate","Returns User JSON",false,"bearerAuth","200"
PUT,"/rider/changeridestatus/{id}","Rider","riderChangeRideStatus","Change Ride status",false,"bearerAuth","200"
